Chr12 Position (Hg19),rsID,Mut. Type,Ref. Allele,Ref. Amino Acid,Denisovan Allele,Denisovan Amino Acid,Protein Position,Grantham Score,PhyloP Score
40808672,rs4768252,Missense,C,Ser,T,Leu,275,145,-1.22099
40808726,rs4768253,Missense,C,Thr,T,Met,293,81,-0.879299
40809983,rs142268259,Missense,C,Asp,A,Glu,410,45,-0.0608346
40814107,rs2114566,Missense,A,Ile,G,Val,511,29,-0.188913
40814197,rs17467164,Missense,G,Val,A,Ile,541,29,-0.336425
40815060,rs149221842,Missense,C,His,T,Tyr,572,83,-0.569071
40820403,rs11564249,Synonymous,C,Asp,T,Asp,711,0,0.818386
40821795,rs61736852,Missense,G,Glu,A,Lys,766,56,0.581063
40821871,rs17467284,Missense,G,Arg,T,Leu,791,102,5.15
40826201,rs11564125,Missense,G,Val,A,Ile,883,29,-1.72208
40826535,rs11564104,Synonymous,T,Ser,C,Ser,939,0,-0.0350079
